{
  "NetworkTables": {
    "transitory": {
      "FMSInfo": {
        "open": true
      }
    }
  },
  "Plots": {
    "Plot <0>": {
      "plots": [
        {
          "axis": [
            {
              "autoFit": true
            }
          ],
          "backgroundColor": [
            0.0,
            0.0,
            0.0,
            0.8500000238418579
          ],
          "height": 56,
          "series": [
            {
              "color": [
                0.2980392277240753,
                0.44705885648727417,
                0.6901960968971252,
                1.0
              ],
              "id": "NT:/FMSInfo/StationNumber"
            }
          ]
        }
      ]
    }
  }
}
